budget,ownerId,title,description,neededProfessionId,photos
400,nqIdEMjyQVaPAOhHd6INDADSeRE3,Paint wall,I want to repair wall with white color,1,"[""https://firebasestorage.googleapis.com/v0/b/gs://proconnect-6173c.appspot.com/jobs/PUbFB3QTSkaKlwyIZuMT3Yn0ggZ2/9a65092b-6f04-4594-834c-b9a0d9da050c.jpeg,""https://firebasestorage.googleapis.com/v0/b/gs://proconnect-6173c.appspot.com/jobs/PUbFB3QTSkaKlwyIZuMT3Yn0ggZ2/c4c0ce8c-3653-4004-b8cf-c2a3e3cc9656.jpeg""]"
50000,ckFAPlQrT8YXjTnEznlL9IM7HtT2,Constructor to build my house,"I search for constructor to start building my house in Haifa, the Home space is 300 meter",2,"[""https://firebasestorage.googleapis.com/v0/b/gs://proconnect-6173c.appspot.com/jobs/PUbFB3QTSkaKlwyIZuMT3Yn0ggZ2/ff0329db-0727-4ae0-aacd-b42b3e641c2e.jpeg""]"
60000,EQWYhKFuekbagBb7qo2yKVUc7YU2,Tiler to pave my house,I Search for a experienced tile to pave my house which his space 150 meter,5,"[""https://firebasestorage.googleapis.com/v0/b/gs://proconnect-6173c.appspot.com/jobs/PUbFB3QTSkaKlwyIZuMT3Yn0ggZ2/068d9245-c6cb-4348-925f-2cd4e5c652da.jpeg""]"
4000,bIPQoVb14TUbHGDB9blDhCEpJdG3,Carpenter to make Cabinet,I want an carpenter to make for me new cabinet that has 3 doors and 4-5 shelves,4,"[""https://firebasestorage.googleapis.com/v0/b/gs://proconnect-6173c.appspot.com/jobs/nqIdEMjyQVaPAOhHd6INDADSeRE3/20456bba-7c13-4b0a-8fd8-b785c5ddcab1.jpeg""]"
30000,PUbFB3QTSkaKlwyIZuMT3Yn0ggZ2,Carpenter to make a new Kitchen cabinets,I want an experienced carpenter to make for me new kitchen cabinets for my new house,4,"[""https://firebasestorage.googleapis.com/v0/b/gs://proconnect-6173c.appspot.com/jobs/nqIdEMjyQVaPAOhHd6INDADSeRE3/2fd0b10f-e7b8-4053-b4b8-f92eb5d87b55.jpeg""]"
1000,dp4mjMpfCTQwJ8REP66LxioJlXy1,Plumber to fix sink,My sink leaks water ,8,[]
800,WzA8TNdPlqbRdZ33dJAthU1MhM92,Air conditioner is not cooling,"Air conditioner is not cooling, the problem may be because of Lack of gas ",3,[]
6000,2yx9HGCNhEdLoC2rrr4ZUYK1Dct1,Planting grass,"I have an 50 meter garden, I search for gardner to planet grass",7,[]
5000,pj9p26G4M6WYD4nuHXq8oBDgkbf2,Tiler to pave my house bathroom walls,I have a 15 meter bathroom and I want to pave the walls with special kind of Tile,5,"[""https://firebasestorage.googleapis.com/v0/b/gs://proconnect-6173c.appspot.com/jobs/PUbFB3QTSkaKlwyIZuMT3Yn0ggZ2/7841fb92-92f5-413d-9a66-e42d6817b2fb.jpeg""]"
20000,vVmKHtUupVameDByceWI1HsUASr1,Carpenter to build Wooden room,I want to build a wooden room on the roof ,7,[]
10000,0ibH0AOajHP0wEvgFT79vifwenO2,Tiler to pave yard,"I want an experienced tiler to pave a 50 meter yard beside my house, I want the job to be completed within 2 days",5,[]
5000,Se2Swm5ggdWhhMj0vNncVhnKXtm1,Tiler to pave hotel pools,I want an experienced tiler to pave 3 hotel pools,5,[]
1000,bIPQoVb14TUbHGDB9blDhCEpJdG3,Painter to paint wall in my house,The wall of my house is old and has not been painted for long time,1,"[""https://firebasestorage.googleapis.com/v0/b/gs://proconnect-6173c.appspot.com/jobs/dp4mjMpfCTQwJ8REP66LxioJlXy1/19a388df-eb7d-4bb9-8ac6-3f21d2ece1dd.jpeg""]"
