firstName,lastName,email,phoneNumber,photoUrl,workAreas,professionId,services,
Ethan,Anderson,ethan.anderson@example.com,1234567890,https://randomuser.me/api/portraits/men/43.jpg,North,1,"[""Interior Painting"", ""Drywall Repair"", ""Trim Installation"", ""Cabinet Painting""]",43
Alexander,Scott,alexander.scott@example.com,4567890123,https://randomuser.me/api/portraits/men/44.jpg,Haifa,2,"[""Flooring"", ""Deck Installation"", ""Window Repair"", ""Siding Installation""]",44
William,Adams,william.adams@example.com,7890123456,https://randomuser.me/api/portraits/men/45.jpg,Center,3,"[""AC Repair"", ""Thermostat Replacement"", ""Duct Cleaning"", ""Ventilation Installation""]",45
Daniel,Bennett,daniel.bennett@example.com,123456789,https://randomuser.me/api/portraits/men/46.jpg,BeerShevaa,4,"[""Custom Cabinetry"", ""Door Repair"", ""Furniture Assembly"", ""Trim Installation""]",46
Benjamin,Cook,benjamin.cook@example.com,2345678901,https://randomuser.me/api/portraits/men/47.jpg,South,5,"[""Tile Installation"", ""Shower Repair"", ""Grout Cleaning"", ""Floor Tiling""]",47
James,Morris,james.morris@example.com,5678901234,https://randomuser.me/api/portraits/men/48.jpg,North,7,"[""Lawn Mowing"", ""Weed Control"", ""Garden Design"", ""Tree Pruning""]",48
Michael,Hughes,michael.hughes@example.com,8901234567,https://randomuser.me/api/portraits/men/49.jpg,Haifa,8,"[""Leak Repair"", ""Water Heater Installation"", ""Toilet Installation"", ""Pipe Repair""]",49
Joseph,Perry,joseph.perry@example.com,1234567890,https://randomuser.me/api/portraits/men/50.jpg,Center,1,"[""Wall Painting"", ""Ceiling Painting"", ""Texture Removal"", ""Baseboard Installation""]",50
Mason,Howard,mason.howard@example.com,4567890123,https://randomuser.me/api/portraits/men/51.jpg,BeerShevaa,2,"[""Insulation"", ""Drywall Installation"", ""Plaster Repair"", ""Floor Levelling""]",51
Elijah,Dixon,elijah.dixon@example.com,7890123456,https://randomuser.me/api/portraits/men/52.jpg,South,3,"[""AC Installation"", ""Duct Cleaning"", ""AC Repair"", ""Ventilation Installation""]",52
Lucas,Palmer,lucas.palmer@example.com,987654321,https://randomuser.me/api/portraits/men/53.jpg,North,4,"[""Deck Repair"", ""Door Installation"", ""Custom Furniture"", ""Window Repair""]",53
Henry,Dean,henry.dean@example.com,9876543210,https://randomuser.me/api/portraits/men/54.jpg,Haifa,5,"[""Backsplash Installation"", ""Shower Remodeling"", ""Grout Repair"", ""Floor Tiling""]",54
Jackson,Griffin,jackson.griffin@example.com,8765432109,https://randomuser.me/api/portraits/men/55.jpg,Center,1,"[""Exterior Painting"", ""Stucco Repair"", ""Fence Painting"", ""Siding Installation""]",55
Sebastian,Wallace,sebastian.wallace@example.com,7654321098,https://randomuser.me/api/portraits/men/56.jpg,BeerShevaa,2,"[""Flooring"", ""Window Installation"", ""Insulation"", ""Plaster Repair""]",56
Carter,Tucker,carter.tucker@example.com,6543210987,https://randomuser.me/api/portraits/men/57.jpg,South,3,"[""AC Repair"", ""Thermostat Replacement"", ""Duct Cleaning"", ""Ventilation Installation""]",57
Ethan,Miller,ethan.miller@example.com,5432109876,https://randomuser.me/api/portraits/men/58.jpg,North,4,"[""Custom Cabinetry"", ""Door Repair"", ""Furniture Assembly"", ""Trim Installation""]",58
Alexander,Bowman,alexander.bowman@example.com,4321098765,https://randomuser.me/api/portraits/men/59.jpg,Haifa,5,"[""Tile Installation"", ""Shower Repair"", ""Grout Cleaning"", ""Floor Tiling""]",59
William,Blake,william.blake@example.com,3210987654,https://randomuser.me/api/portraits/men/60.jpg,Center,7,"[""Lawn Mowing"", ""Weed Control"", ""Garden Design"", ""Tree Pruning""]",60
Daniel,Benson,daniel.benson@example.com,2109876543,https://randomuser.me/api/portraits/men/61.jpg,BeerShevaa,8,"[""Leak Repair"", ""Water Heater Installation"", ""Toilet Installation"", ""Pipe Repair""]",61
